<?xml version="1.0" encoding="UTF-8"?>
<!DOCTYPE suite SYSTEM "http://testng.org/testng-1.0.dtd">
<suite name="loan_department">  
  <test name="Personal_loan">  
    <classes>  
      <class name="day1.Test_001"/>  
     
    </classes>  
  </test> <!-- Test -->  
  
  <test name="My_loan">
  
  <classes>
  
  <class name="day1.Test_002">
  
  <methods>
  
  <exclude name="MobileLoan"/>
  
  </methods>
  
  </class>
  </classes>
  
  </test><!-- Test -->
</suite> <!--Suit-->



<!--for disabled the perticular test case in xml we are using methods tag -->